<?xml version="1.0" encoding="utf-8"?>
<!--/2138919/1311585/2.50/2/3/Diode/-->
<quadcept_library>
  <setting unit="mil" />
  <textstyle name="Default" height="47.244094488189" strokewidth="7.8740157480315" charwidth="47.244094488189" />
  <textstyle name="Dimension" height="19.6850393700787" strokewidth="0" charwidth="19.6850393700787" />
  <textstyle name="H127W0635TH00762" height="50" strokewidth="3" charwidth="25" />
  <textstyle name="H15W15TH02" height="59.0551181102362" strokewidth="7.8740157480315" charwidth="59.0551181102362" />
  <padstyle name="r90_80" surface="True" plated="False" isvia="False" nopaste="False" nomask="True" complex="False" holesize="0">
    <padshape layer="TOP" shape="rectangle" width="31.496062992126" height="35.433070866141" />
    <padshape layer="TOP_SOLDER_MASK" shape="rectangle" width="39.370078740157" height="43.307086614173" />
    <padshape layer="TOP_SOLDER_PASTE" shape="rectangle" width="31.496062992126" height="35.433070866141" />
  </padstyle>
  <footprint name="RB511VM30TE17" originx="0" originy="0" pickpointx="0" pickpointy="0">
    <pcbpin number="1" name="1" style="r90_80" originx="0" originy="41.338582677165" rotation="0" />
    <pcbpin number="2" name="2" style="r90_80" originx="0" originy="-41.338582677165" rotation="0" />
    <line layer="TOP_ASSEMBLY" originx="-24.606299212598" originy="33.464566929133" endx="24.606299212598" endy="33.464566929133" width="3.9370078740157" />
    <line layer="TOP_ASSEMBLY" originx="24.606299212598" originy="33.464566929133" endx="24.606299212598" endy="-33.464566929133" width="3.9370078740157" />
    <line layer="TOP_ASSEMBLY" originx="24.606299212598" originy="-33.464566929133" endx="-24.606299212598" endy="-33.464566929133" width="3.9370078740157" />
    <line layer="TOP_ASSEMBLY" originx="-24.606299212598" originy="-33.464566929133" endx="-24.606299212598" endy="33.464566929133" width="3.9370078740157" />
    <line layer="TOP_PLACE_BOUND" originx="-63.976377952755" originy="98.425196850392" endx="63.976377952755" endy="98.425196850392" width="3.9370078740157" />
    <line layer="TOP_PLACE_BOUND" originx="63.976377952755" originy="98.425196850392" endx="63.976377952755" endy="-98.425196850392" width="3.9370078740157" />
    <line layer="TOP_PLACE_BOUND" originx="63.976377952755" originy="-98.425196850392" endx="-63.976377952755" endy="-98.425196850392" width="3.9370078740157" />
    <line layer="TOP_PLACE_BOUND" originx="-63.976377952755" originy="-98.425196850392" endx="-63.976377952755" endy="98.425196850392" width="3.9370078740157" />
    <line layer="TOP_SILKSCREEN" originx="-24.606299212598" originy="15.748031496063" endx="-24.606299212598" endy="15.748031496063" width="7.8740157480314" />
    <line layer="TOP_SILKSCREEN" originx="-24.606299212598" originy="15.748031496063" endx="-24.606299212598" endy="-15.748031496063" width="7.8740157480314" />
    <line layer="TOP_SILKSCREEN" originx="24.606299212598" originy="15.748031496063" endx="24.606299212598" endy="-15.748031496063" width="7.8740157480314" />
    <line layer="TOP_SILKSCREEN" originx="0" originy="70.866141732283" endx="0" endy="70.866141732283" width="3.9370078740157" />
    <arc layer="TOP_SILKSCREEN" originx="-2.7318479936642E-15" originy="72.83464566929" startangle="-90.0" sweepangle="180.0" radius="1.9685039370078" width="3.9370078740157" />
    <line layer="TOP_SILKSCREEN" originx="0" originy="74.803149606298" endx="0" endy="74.803149606298" width="3.9370078740157" />
    <arc layer="TOP_SILKSCREEN" originx="-2.7318479936642E-15" originy="72.83464566929" startangle="90.0" sweepangle="180.0" radius="1.9685039370078" width="3.9370078740157" />
  </footprint>
  <symbol name="RB511VM-30TE-17" originx="0" originy="0">
    <line originx="200" originy="100" endx="200" endy="-100" width="0" />
    <line originx="100" originy="0" endx="200" endy="0" width="0" />
    <line originx="400" originy="0" endx="500" endy="0" width="0" />
    <sympin number="1" originx="100" originy="0" rotation="180" length="100" width="7.8740157480315" flipped="False">
      <text name="pinname" originx="140" originy="10" style="Default" rotation="0" justify="left" flipped="False" hidden="True" data="K" />
      <text name="pindes" originx="60" originy="10" style="Default" rotation="0" justify="lowerright" flipped="False" hidden="False" data="1" />
    </sympin>
    <sympin number="2" originx="500" originy="0" rotation="0" length="100" width="7.8740157480315" flipped="False">
      <text name="pinname" originx="460" originy="10" style="Default" rotation="0" justify="right" flipped="False" hidden="True" data="A" />
      <text name="pindes" originx="540" originy="10" style="Default" rotation="0" justify="lowerleft" flipped="False" hidden="False" data="2" />
    </sympin>
    <polygon type="polygon">
      <point x="200" y="0" />
      <point x="400" y="100" />
      <point x="400" y="-100" />
    </polygon>
  </symbol>
  <component name="RB511VM-30TE-17" designatorprefix="D" height="35.433070866141" footprint="RB511VM30TE17">
    <comppin designator="1" sympin="1" pinswap="0" gateswap="0" gate="1" group="1" side="" type="Any" name="K" />
    <comppin designator="2" sympin="2" pinswap="0" gateswap="0" gate="1" group="1" side="" type="Any" name="A" />
    <attached_symbol gate="1" name="RB511VM-30TE-17" />
    <pinmap designator="1" footprintpin="1" />
    <pinmap designator="2" footprintpin="2" />
    <text name="Datasheet" originx="0" originy="0" style="Default" rotation="0" justify="" flipped="False" hidden="True" data="https://datasheet.datasheetarchive.com/originals/distributors/Datasheets_SAMA/104678791d62a70c3f3b75cb640f2c08.pdf" />
    <text name="Description" originx="0" originy="0" style="Default" rotation="0" justify="" flipped="False" hidden="True" data="ROHM 30V 10mA, Diode, 2-Pin SOD-323FL RB511VM-30TE-17" />
    <text name="Mouser Part Number" originx="0" originy="0" style="Default" rotation="0" justify="" flipped="False" hidden="True" data="755-RB511VM-30TE-17" />
    <text name="Mouser Price/Stock" originx="0" originy="0" style="Default" rotation="0" justify="" flipped="False" hidden="True" data="https://www.mouser.co.uk/ProductDetail/ROHM-Semiconductor/RB511VM-30TE-17?qs=4v%252BiZTmLVHHI3%252BFheXsKTQ%3D%3D" />
    <text name="Manufacturer_Name" originx="0" originy="0" style="Default" rotation="0" justify="" flipped="False" hidden="True" data="ROHM Semiconductor" />
    <text name="Manufacturer_Part_Number" originx="450" originy="100" style="Default" rotation="0" justify="left" flipped="False" hidden="False" data="RB511VM-30TE-17" />
  </component>
</quadcept_library>
