<?xml version="1.0" encoding="UTF-8" standalone="no" ?>
<Lib xmlns:xsd="http://www.w3.org/2001/XMLSchema" xmlns:xsi="http://www.w3.org/2001/XMLSchema-instance" xsi:noNamespaceSchemaLocation="olb.xsd">

  <Defn name="C:\TEMP\BQ298000RUGR.OLB"/>

  <DefaultValues>
    <Defn/>
    <DefaultFont>
      <Defn escapement="0" height="-9" index="0" italic="0" name="Arial" orientation="0" weight="400" width="4"/>
    </DefaultFont>
    <DefaultFont>
      <Defn escapement="0" height="-9" index="1" italic="0" name="Arial" orientation="0" weight="400" width="4"/>
    </DefaultFont>
    <DefaultFont>
      <Defn escapement="0" height="-9" index="2" italic="0" name="Arial" orientation="0" weight="400" width="4"/>
    </DefaultFont>
    <DefaultFont>
      <Defn escapement="0" height="8" index="3" italic="0" name="Arial" orientation="0" weight="400" width="0"/>
    </DefaultFont>
    <DefaultFont>
      <Defn escapement="0" height="8" index="4" italic="0" name="Arial" orientation="0" weight="400" width="0"/>
    </DefaultFont>
    <DefaultFont>
      <Defn escapement="0" height="-9" index="5" italic="0" name="Arial" orientation="0" weight="400" width="4"/>
    </DefaultFont>
    <DefaultFont>
      <Defn escapement="0" height="-9" index="6" italic="0" name="Arial" orientation="0" weight="400" width="4"/>
    </DefaultFont>
    <DefaultFont>
      <Defn escapement="0" height="-9" index="7" italic="0" name="Arial" orientation="0" weight="400" width="4"/>
    </DefaultFont>
    <DefaultFont>
      <Defn escapement="0" height="-9" index="8" italic="0" name="Arial" orientation="0" weight="400" width="4"/>
    </DefaultFont>
    <DefaultFont>
      <Defn escapement="0" height="-9" index="9" italic="0" name="Arial" orientation="0" weight="400" width="4"/>
    </DefaultFont>
    <DefaultFont>
      <Defn escapement="0" height="-9" index="10" italic="0" name="Arial" orientation="0" weight="400" width="4"/>
    </DefaultFont>
    <DefaultFont>
      <Defn escapement="0" height="-9" index="11" italic="0" name="Arial" orientation="0" weight="400" width="4"/>
    </DefaultFont>
    <DefaultFont>
      <Defn escapement="0" height="-9" index="12" italic="0" name="Arial" orientation="0" weight="400" width="4"/>
    </DefaultFont>
    <DefaultFont>
      <Defn escapement="0" height="-9" index="13" italic="0" name="Courier New" orientation="0" weight="400" width="5"/>
    </DefaultFont>
    <DefaultFont>
      <Defn escapement="0" height="-9" index="14" italic="0" name="Arial" orientation="0" weight="400" width="4"/>
    </DefaultFont>
    <DefaultFont>
      <Defn escapement="0" height="-9" index="15" italic="0" name="Arial" orientation="0" weight="400" width="4"/>
    </DefaultFont>
    <DefaultFont>
      <Defn escapement="0" height="-9" index="16" italic="0" name="Arial" orientation="0" weight="400" width="4"/>
    </DefaultFont>
    <DefaultFont>
      <Defn escapement="0" height="8" index="17" italic="0" name="Arial" orientation="0" weight="400" width="0"/>
    </DefaultFont>
    <DefaultFont>
      <Defn escapement="0" height="8" index="18" italic="0" name="Arial" orientation="0" weight="400" width="0"/>
    </DefaultFont>
    <DefaultFont>
      <Defn escapement="0" height="8" index="19" italic="0" name="Arial" orientation="0" weight="400" width="0"/>
    </DefaultFont>
    <DefaultFont>
      <Defn escapement="0" height="8" index="20" italic="0" name="Arial" orientation="0" weight="400" width="0"/>
    </DefaultFont>
    <DefaultFont>
      <Defn escapement="0" height="8" index="21" italic="0" name="Arial" orientation="0" weight="400" width="0"/>
    </DefaultFont>
    <DefaultFont>
      <Defn escapement="0" height="8" index="22" italic="0" name="Arial" orientation="0" weight="400" width="0"/>
    </DefaultFont>
    <DefaultFont>
      <Defn escapement="0" height="8" index="23" italic="0" name="Arial" orientation="0" weight="400" width="0"/>
    </DefaultFont>
    <DefaultPageRec>
      <Defn ANSIGridRefs="1" BorderDisplayed="1" BorderPrinted="1" GridRefDisplayed="1" GridRefPrinted="1" HorizontalLabelCount="5" HorizontalLabelIsAscending="0" HorizontalLabelIsChar="0" HorizontalLabelWidth="100" IsMetric="0" PinToPin="100" TitleBlockDisplayed="1" TitleBlockPrinted="1" VerticalLabelCount="4" VerticalLabelIsAscending="0" VerticalLabelIsChar="1" VerticalLabelWidth="100"/>
    </DefaultPageRec>
    <DefaultPlacedInstIsPrimitive>
      <Defn val="0"/>
    </DefaultPlacedInstIsPrimitive>
    <DefaultDrawnInstIsPrimitive>
      <Defn val="0"/>
    </DefaultDrawnInstIsPrimitive>
    <DefaultPartFieldMapping>
      <Defn index="1" val="1ST PART FIELD"/>
    </DefaultPartFieldMapping>
    <DefaultPartFieldMapping>
      <Defn index="2" val="2ND PART FIELD"/>
    </DefaultPartFieldMapping>
    <DefaultPartFieldMapping>
      <Defn index="3" val="3RD PART FIELD"/>
    </DefaultPartFieldMapping>
    <DefaultPartFieldMapping>
      <Defn index="4" val="4TH PART FIELD"/>
    </DefaultPartFieldMapping>
    <DefaultPartFieldMapping>
      <Defn index="5" val="5TH PART FIELD"/>
    </DefaultPartFieldMapping>
    <DefaultPartFieldMapping>
      <Defn index="6" val="6TH PART FIELD"/>
    </DefaultPartFieldMapping>
    <DefaultPartFieldMapping>
      <Defn index="7" val="7TH PART FIELD"/>
    </DefaultPartFieldMapping>
    <DefaultPartFieldMapping>
      <Defn index="8" val="PCB Footprint"/>
    </DefaultPartFieldMapping>
  </DefaultValues>
  <Package>
    <Defn alphabeticNumbering="2" isHomogeneous="1" name="BQ298000RUGR" pcbFootprint="ADS7056IRUGR" pcbLib="" refdesPrefix="IC"/>
    <LibPart>
      <Defn CellName="BQ298000RUGR"/>
      <NormalView>
        <Defn suffix=".Normal"/>
        <SymbolDisplayProp>
          <Defn locX="85" locY="-25" name="Part Reference" rotation="0" textJustification="1"/>
          <PropFont>
            <Defn escapement="0" height="-9" italic="0" name="Arial" orientation="0" weight="400" width="4"/>
          </PropFont>
          <PropColor>
            <Defn val="48"/>
          </PropColor>
          <PropDispType>
            <Defn ValueIfValueExist="0" val="1"/>
          </PropDispType>
        </SymbolDisplayProp>
        <SymbolDisplayProp>
          <Defn locX="85" locY="-15" name="Value" rotation="0" textJustification="1"/>
          <PropFont>
            <Defn escapement="0" height="-9" italic="0" name="Arial" orientation="0" weight="400" width="4"/>
          </PropFont>
          <PropColor>
            <Defn val="48"/>
          </PropColor>
          <PropDispType>
            <Defn ValueIfValueExist="0" val="1"/>
          </PropDispType>
        </SymbolDisplayProp>
        <SymbolUserProp>
          <Defn name="Mouser Part Number" val="595-BQ298000RUGR"/>
        </SymbolUserProp>
        <SymbolUserProp>
          <Defn name="Mouser Price/Stock" val="https://www.mouser.co.uk/ProductDetail/Texas-Instruments/BQ298000RUGR?qs=j%252B1pi9TdxUbn%2FH56y1yaKw%3D%3D"/>
        </SymbolUserProp>
        <SymbolUserProp>
          <Defn name="Manufacturer_Name" val="Texas Instruments"/>
        </SymbolUserProp>
        <SymbolUserProp>
          <Defn name="Manufacturer_Part_Number" val="BQ298000RUGR"/>
        </SymbolUserProp>
        <SymbolUserProp>
          <Defn name="Description" val="Battery Management High Side Protector for Single-Cell Li-Ion and Li-Polymer Batteries 8-X2QFN -40 to 85"/>
        </SymbolUserProp>
        <SymbolUserProp>
          <Defn name="Datasheet Link" val="http://www.ti.com/lit/ds/symlink/bq2980.pdf"/>
        </SymbolUserProp>
        <SymbolUserProp>
          <Defn name="Height" val="0 mm"/>
        </SymbolUserProp>
        <SymbolColor>
          <Defn val="48"/>
        </SymbolColor>
        <SymbolBBox>
          <Defn x1="0" x2="80" y1="0" y2="90"/>
        </SymbolBBox>
        <IsPinNumbersVisible>
          <Defn val="1"/>
        </IsPinNumbersVisible>
        <IsPinNamesRotated>
          <Defn val="1"/>
        </IsPinNamesRotated>
        <IsPinNamesVisible>
          <Defn val="1"/>
        </IsPinNamesVisible>
        <ContentsLibName>
          <Defn name=""/>
        </ContentsLibName>
        <ContentsViewName>
          <Defn name=""/>
        </ContentsViewName>
        <ContentsViewType>
          <Defn type="0"/>
        </ContentsViewType>
        <PartValue>
          <Defn name="BQ298000RUGR"/>
        </PartValue>
        <Reference>
          <Defn name="IC"/>
        </Reference>
        <Line>
          <Defn lineStyle="0" lineWidth="0" x1="0" x2="80" y1="0" y2="0"/>
        </Line>
        <Line>
          <Defn lineStyle="0" lineWidth="0" x1="80" x2="80" y1="90" y2="0"/>
        </Line>
        <Line>
          <Defn lineStyle="0" lineWidth="0" x1="80" x2="0" y1="90" y2="90"/>
        </Line>
        <Line>
          <Defn lineStyle="0" lineWidth="0" x1="0" x2="0" y1="0" y2="90"/>
        </Line>
        <SymbolPinScalar>
          <Defn hotptX="-20" hotptY="40" name="BAT" position="0" startX="0" startY="40" type="4" visible="1"/>
          <IsLong>
            <Defn val="0"/>
          </IsLong>
          <IsClock>
            <Defn val="0"/>
          </IsClock>
          <IsDot>
            <Defn val="0"/>
          </IsDot>
          <IsLeftPointing>
            <Defn val="0"/>
          </IsLeftPointing>
          <IsRightPointing>
            <Defn val="0"/>
          </IsRightPointing>
          <IsNetStyle>
            <Defn val="0"/>
          </IsNetStyle>
          <IsNoConnect>
            <Defn val="0"/>
          </IsNoConnect>
          <IsGlobal>
            <Defn val="0"/>
          </IsGlobal>
          <IsNumberVisible>
            <Defn val="1"/>
          </IsNumberVisible>
        </SymbolPinScalar>
        <SymbolPinScalar>
          <Defn hotptX="-20" hotptY="50" name="VDD" position="1" startX="0" startY="50" type="4" visible="1"/>
          <IsLong>
            <Defn val="0"/>
          </IsLong>
          <IsClock>
            <Defn val="0"/>
          </IsClock>
          <IsDot>
            <Defn val="0"/>
          </IsDot>
          <IsLeftPointing>
            <Defn val="0"/>
          </IsLeftPointing>
          <IsRightPointing>
            <Defn val="0"/>
          </IsRightPointing>
          <IsNetStyle>
            <Defn val="0"/>
          </IsNetStyle>
          <IsNoConnect>
            <Defn val="0"/>
          </IsNoConnect>
          <IsGlobal>
            <Defn val="0"/>
          </IsGlobal>
          <IsNumberVisible>
            <Defn val="1"/>
          </IsNumberVisible>
        </SymbolPinScalar>
        <SymbolPinScalar>
          <Defn hotptX="-20" hotptY="60" name="VSS" position="2" startX="0" startY="60" type="4" visible="1"/>
          <IsLong>
            <Defn val="0"/>
          </IsLong>
          <IsClock>
            <Defn val="0"/>
          </IsClock>
          <IsDot>
            <Defn val="0"/>
          </IsDot>
          <IsLeftPointing>
            <Defn val="0"/>
          </IsLeftPointing>
          <IsRightPointing>
            <Defn val="0"/>
          </IsRightPointing>
          <IsNetStyle>
            <Defn val="0"/>
          </IsNetStyle>
          <IsNoConnect>
            <Defn val="0"/>
          </IsNoConnect>
          <IsGlobal>
            <Defn val="0"/>
          </IsGlobal>
          <IsNumberVisible>
            <Defn val="1"/>
          </IsNumberVisible>
        </SymbolPinScalar>
        <SymbolPinScalar>
          <Defn hotptX="40" hotptY="110" name="CS" position="3" startX="40" startY="90" type="4" visible="1"/>
          <IsLong>
            <Defn val="0"/>
          </IsLong>
          <IsClock>
            <Defn val="0"/>
          </IsClock>
          <IsDot>
            <Defn val="0"/>
          </IsDot>
          <IsLeftPointing>
            <Defn val="0"/>
          </IsLeftPointing>
          <IsRightPointing>
            <Defn val="0"/>
          </IsRightPointing>
          <IsNetStyle>
            <Defn val="0"/>
          </IsNetStyle>
          <IsNoConnect>
            <Defn val="0"/>
          </IsNoConnect>
          <IsGlobal>
            <Defn val="0"/>
          </IsGlobal>
          <IsNumberVisible>
            <Defn val="1"/>
          </IsNumberVisible>
        </SymbolPinScalar>
        <SymbolPinScalar>
          <Defn hotptX="100" hotptY="60" name="CTR" position="4" startX="80" startY="60" type="4" visible="1"/>
          <IsLong>
            <Defn val="0"/>
          </IsLong>
          <IsClock>
            <Defn val="0"/>
          </IsClock>
          <IsDot>
            <Defn val="0"/>
          </IsDot>
          <IsLeftPointing>
            <Defn val="0"/>
          </IsLeftPointing>
          <IsRightPointing>
            <Defn val="0"/>
          </IsRightPointing>
          <IsNetStyle>
            <Defn val="0"/>
          </IsNetStyle>
          <IsNoConnect>
            <Defn val="0"/>
          </IsNoConnect>
          <IsGlobal>
            <Defn val="0"/>
          </IsGlobal>
          <IsNumberVisible>
            <Defn val="1"/>
          </IsNumberVisible>
        </SymbolPinScalar>
        <SymbolPinScalar>
          <Defn hotptX="100" hotptY="50" name="PACK" position="5" startX="80" startY="50" type="4" visible="1"/>
          <IsLong>
            <Defn val="0"/>
          </IsLong>
          <IsClock>
            <Defn val="0"/>
          </IsClock>
          <IsDot>
            <Defn val="0"/>
          </IsDot>
          <IsLeftPointing>
            <Defn val="0"/>
          </IsLeftPointing>
          <IsRightPointing>
            <Defn val="0"/>
          </IsRightPointing>
          <IsNetStyle>
            <Defn val="0"/>
          </IsNetStyle>
          <IsNoConnect>
            <Defn val="0"/>
          </IsNoConnect>
          <IsGlobal>
            <Defn val="0"/>
          </IsGlobal>
          <IsNumberVisible>
            <Defn val="1"/>
          </IsNumberVisible>
        </SymbolPinScalar>
        <SymbolPinScalar>
          <Defn hotptX="100" hotptY="40" name="DSG" position="6" startX="80" startY="40" type="4" visible="1"/>
          <IsLong>
            <Defn val="0"/>
          </IsLong>
          <IsClock>
            <Defn val="0"/>
          </IsClock>
          <IsDot>
            <Defn val="0"/>
          </IsDot>
          <IsLeftPointing>
            <Defn val="0"/>
          </IsLeftPointing>
          <IsRightPointing>
            <Defn val="0"/>
          </IsRightPointing>
          <IsNetStyle>
            <Defn val="0"/>
          </IsNetStyle>
          <IsNoConnect>
            <Defn val="0"/>
          </IsNoConnect>
          <IsGlobal>
            <Defn val="0"/>
          </IsGlobal>
          <IsNumberVisible>
            <Defn val="1"/>
          </IsNumberVisible>
        </SymbolPinScalar>
        <SymbolPinScalar>
          <Defn hotptX="40" hotptY="-20" name="CHG" position="7" startX="40" startY="0" type="4" visible="1"/>
          <IsLong>
            <Defn val="0"/>
          </IsLong>
          <IsClock>
            <Defn val="0"/>
          </IsClock>
          <IsDot>
            <Defn val="0"/>
          </IsDot>
          <IsLeftPointing>
            <Defn val="0"/>
          </IsLeftPointing>
          <IsRightPointing>
            <Defn val="0"/>
          </IsRightPointing>
          <IsNetStyle>
            <Defn val="0"/>
          </IsNetStyle>
          <IsNoConnect>
            <Defn val="0"/>
          </IsNoConnect>
          <IsGlobal>
            <Defn val="0"/>
          </IsGlobal>
          <IsNumberVisible>
            <Defn val="1"/>
          </IsNumberVisible>
        </SymbolPinScalar>
      </NormalView>
      <PhysicalPart>
        <Defn/>
        <PinNumber>
          <Defn number="1" position="0"/>
        </PinNumber>
        <PinNumber>
          <Defn number="2" position="1"/>
        </PinNumber>
        <PinNumber>
          <Defn number="3" position="2"/>
        </PinNumber>
        <PinNumber>
          <Defn number="4" position="3"/>
        </PinNumber>
        <PinNumber>
          <Defn number="5" position="4"/>
        </PinNumber>
        <PinNumber>
          <Defn number="6" position="5"/>
        </PinNumber>
        <PinNumber>
          <Defn number="7" position="6"/>
        </PinNumber>
        <PinNumber>
          <Defn number="8" position="7"/>
        </PinNumber>
      </PhysicalPart>
    </LibPart>
  </Package>

</Lib>
