<?xml version="1.0" encoding="utf-8"?>
<!--/1146196/1311585/2.50/8/4/Integrated Circuit/-->
<quadcept_library>
  <setting unit="mil" />
  <textstyle name="Default" height="47.244094488189" strokewidth="7.8740157480315" charwidth="47.244094488189" />
  <textstyle name="Dimension" height="19.6850393700787" strokewidth="0" charwidth="19.6850393700787" />
  <textstyle name="H127W0635TH00762" height="50" strokewidth="3" charwidth="25" />
  <textstyle name="H15W15TH02" height="59.0551181102362" strokewidth="7.8740157480315" charwidth="59.0551181102362" />
  <padstyle name="r55_25" surface="True" plated="False" isvia="False" nopaste="False" nomask="True" complex="False" holesize="0">
    <padshape layer="TOP" shape="rectangle" width="9.8425196850392" height="21.653543307086" />
    <padshape layer="TOP_SOLDER_MASK" shape="rectangle" width="17.716535433071" height="29.527559055118" />
    <padshape layer="TOP_SOLDER_PASTE" shape="rectangle" width="9.8425196850392" height="21.653543307086" />
  </padstyle>
  <padstyle name="r60_30" surface="True" plated="False" isvia="False" nopaste="False" nomask="True" complex="False" holesize="0">
    <padshape layer="TOP" shape="rectangle" width="11.811023622047" height="23.622047244094" />
    <padshape layer="TOP_SOLDER_MASK" shape="rectangle" width="19.685039370078" height="31.496062992126" />
    <padshape layer="TOP_SOLDER_PASTE" shape="rectangle" width="11.811023622047" height="23.622047244094" />
  </padstyle>
  <footprint name="ADS7056IRUGR" originx="0" originy="0" pickpointx="0" pickpointy="0">
    <pcbpin number="1" name="1" style="r55_25" originx="-26.574803149606" originy="19.685039370078" rotation="90" />
    <pcbpin number="2" name="2" style="r55_25" originx="-26.574803149606" originy="0" rotation="90" />
    <pcbpin number="3" name="3" style="r55_25" originx="-26.574803149606" originy="-19.685039370078" rotation="90" />
    <pcbpin number="4" name="4" style="r60_30" originx="0" originy="-25.590551181102" rotation="0" />
    <pcbpin number="5" name="5" style="r55_25" originx="26.574803149606" originy="-19.685039370078" rotation="90" />
    <pcbpin number="6" name="6" style="r55_25" originx="26.574803149606" originy="0" rotation="90" />
    <pcbpin number="7" name="7" style="r55_25" originx="26.574803149606" originy="19.685039370078" rotation="90" />
    <pcbpin number="8" name="8" style="r60_30" originx="0" originy="25.590551181102" rotation="0" />
    <line layer="TOP_ASSEMBLY" originx="-29.527559055118" originy="29.527559055118" endx="29.527559055118" endy="29.527559055118" width="7.8740157480314" />
    <line layer="TOP_ASSEMBLY" originx="29.527559055118" originy="29.527559055118" endx="29.527559055118" endy="-29.527559055118" width="7.8740157480314" />
    <line layer="TOP_ASSEMBLY" originx="29.527559055118" originy="-29.527559055118" endx="-29.527559055118" endy="-29.527559055118" width="7.8740157480314" />
    <line layer="TOP_ASSEMBLY" originx="-29.527559055118" originy="-29.527559055118" endx="-29.527559055118" endy="29.527559055118" width="7.8740157480314" />
    <line layer="TOP_PLACE_BOUND" originx="-64.960629921259" originy="53.149606299212" endx="53.149606299212" endy="53.149606299212" width="3.9370078740157" />
    <line layer="TOP_PLACE_BOUND" originx="53.149606299212" originy="53.149606299212" endx="53.149606299212" endy="-53.149606299212" width="3.9370078740157" />
    <line layer="TOP_PLACE_BOUND" originx="53.149606299212" originy="-53.149606299212" endx="-64.960629921259" endy="-53.149606299212" width="3.9370078740157" />
    <line layer="TOP_PLACE_BOUND" originx="-64.960629921259" originy="-53.149606299212" endx="-64.960629921259" endy="53.149606299212" width="3.9370078740157" />
    <line layer="TOP_SILKSCREEN" originx="-47.244094488188" originy="23.622047244094" endx="-47.244094488188" endy="23.622047244094" width="3.9370078740157" />
    <arc layer="TOP_SILKSCREEN" originx="-47.244094488188" originy="21.653543307086" startangle="90.0" sweepangle="-180.0" radius="1.9685039370078" width="3.9370078740157" />
    <line layer="TOP_SILKSCREEN" originx="-47.244094488188" originy="19.685039370078" endx="-47.244094488188" endy="19.685039370078" width="3.9370078740157" />
    <arc layer="TOP_SILKSCREEN" originx="-47.244094488188" originy="21.653543307086" startangle="-90.0" sweepangle="-180.0" radius="1.9685039370078" width="3.9370078740157" />
  </footprint>
  <symbol name="BQ298000RUGR" originx="0" originy="0">
    <line originx="200" originy="400" endx="1000" endy="400" width="0" />
    <line originx="1000" originy="-500" endx="1000" endy="400" width="0" />
    <line originx="1000" originy="-500" endx="200" endy="-500" width="0" />
    <line originx="200" originy="400" endx="200" endy="-500" width="0" />
    <sympin number="1" originx="200" originy="0" rotation="180" length="100" width="7.8740157480315" flipped="False">
      <text name="pinname" originx="230" originy="0" style="Default" rotation="0" justify="left" flipped="False" hidden="False" data="BAT" />
      <text name="pindes" originx="140" originy="20" style="Default" rotation="0" justify="lowerright" flipped="False" hidden="False" data="1" />
    </sympin>
    <sympin number="2" originx="200" originy="-100" rotation="180" length="100" width="7.8740157480315" flipped="False">
      <text name="pinname" originx="230" originy="-100" style="Default" rotation="0" justify="left" flipped="False" hidden="False" data="VDD" />
      <text name="pindes" originx="140" originy="-80" style="Default" rotation="0" justify="lowerright" flipped="False" hidden="False" data="2" />
    </sympin>
    <sympin number="3" originx="200" originy="-200" rotation="180" length="100" width="7.8740157480315" flipped="False">
      <text name="pinname" originx="230" originy="-200" style="Default" rotation="0" justify="left" flipped="False" hidden="False" data="VSS" />
      <text name="pindes" originx="140" originy="-180" style="Default" rotation="0" justify="lowerright" flipped="False" hidden="False" data="3" />
    </sympin>
    <sympin number="4" originx="600" originy="-500" rotation="270" length="100" width="7.8740157480315" flipped="False">
      <text name="pinname" originx="600" originy="-470" style="Default" rotation="0" justify="left" flipped="False" hidden="False" data="CS" />
      <text name="pindes" originx="580" originy="-560" style="Default" rotation="0" justify="lowerright" flipped="False" hidden="False" data="4" />
    </sympin>
    <sympin number="5" originx="1000" originy="-200" rotation="0" length="100" width="7.8740157480315" flipped="False">
      <text name="pinname" originx="970" originy="-200" style="Default" rotation="0" justify="right" flipped="False" hidden="False" data="CTR" />
      <text name="pindes" originx="1060" originy="-180" style="Default" rotation="0" justify="lowerleft" flipped="False" hidden="False" data="5" />
    </sympin>
    <sympin number="6" originx="1000" originy="-100" rotation="0" length="100" width="7.8740157480315" flipped="False">
      <text name="pinname" originx="970" originy="-100" style="Default" rotation="0" justify="right" flipped="False" hidden="False" data="PACK" />
      <text name="pindes" originx="1060" originy="-80" style="Default" rotation="0" justify="lowerleft" flipped="False" hidden="False" data="6" />
    </sympin>
    <sympin number="7" originx="1000" originy="0" rotation="0" length="100" width="7.8740157480315" flipped="False">
      <text name="pinname" originx="970" originy="0" style="Default" rotation="0" justify="right" flipped="False" hidden="False" data="DSG" />
      <text name="pindes" originx="1060" originy="20" style="Default" rotation="0" justify="lowerleft" flipped="False" hidden="False" data="7" />
    </sympin>
    <sympin number="8" originx="600" originy="400" rotation="90" length="100" width="7.8740157480315" flipped="False">
      <text name="pinname" originx="600" originy="370" style="Default" rotation="0" justify="right" flipped="False" hidden="False" data="CHG" />
      <text name="pindes" originx="580" originy="460" style="Default" rotation="0" justify="lowerleft" flipped="False" hidden="False" data="8" />
    </sympin>
  </symbol>
  <component name="BQ298000RUGR" designatorprefix="IC" height="0" footprint="ADS7056IRUGR">
    <comppin designator="1" sympin="1" pinswap="0" gateswap="0" gate="1" group="1" side="" type="Any" name="BAT" />
    <comppin designator="2" sympin="2" pinswap="0" gateswap="0" gate="1" group="1" side="" type="Any" name="VDD" />
    <comppin designator="3" sympin="3" pinswap="0" gateswap="0" gate="1" group="1" side="" type="Any" name="VSS" />
    <comppin designator="4" sympin="4" pinswap="0" gateswap="0" gate="1" group="1" side="" type="Any" name="CS" />
    <comppin designator="5" sympin="5" pinswap="0" gateswap="0" gate="1" group="1" side="" type="Any" name="CTR" />
    <comppin designator="6" sympin="6" pinswap="0" gateswap="0" gate="1" group="1" side="" type="Any" name="PACK" />
    <comppin designator="7" sympin="7" pinswap="0" gateswap="0" gate="1" group="1" side="" type="Any" name="DSG" />
    <comppin designator="8" sympin="8" pinswap="0" gateswap="0" gate="1" group="1" side="" type="Any" name="CHG" />
    <attached_symbol gate="1" name="BQ298000RUGR" />
    <pinmap designator="1" footprintpin="1" />
    <pinmap designator="2" footprintpin="2" />
    <pinmap designator="3" footprintpin="3" />
    <pinmap designator="4" footprintpin="4" />
    <pinmap designator="5" footprintpin="5" />
    <pinmap designator="6" footprintpin="6" />
    <pinmap designator="7" footprintpin="7" />
    <pinmap designator="8" footprintpin="8" />
    <text name="Datasheet" originx="0" originy="0" style="Default" rotation="0" justify="" flipped="False" hidden="True" data="http://www.ti.com/lit/ds/symlink/bq2980.pdf" />
    <text name="Description" originx="0" originy="0" style="Default" rotation="0" justify="" flipped="False" hidden="True" data="Battery Management High Side Protector for Single-Cell Li-Ion and Li-Polymer Batteries 8-X2QFN -40 to 85" />
    <text name="Mouser Part Number" originx="0" originy="0" style="Default" rotation="0" justify="" flipped="False" hidden="True" data="595-BQ298000RUGR" />
    <text name="Mouser Price/Stock" originx="0" originy="0" style="Default" rotation="0" justify="" flipped="False" hidden="True" data="https://www.mouser.co.uk/ProductDetail/Texas-Instruments/BQ298000RUGR?qs=j%252B1pi9TdxUbn%2FH56y1yaKw%3D%3D" />
    <text name="Manufacturer_Name" originx="0" originy="0" style="Default" rotation="0" justify="" flipped="False" hidden="True" data="Texas Instruments" />
    <text name="Manufacturer_Part_Number" originx="1050" originy="500" style="Default" rotation="0" justify="left" flipped="False" hidden="False" data="BQ298000RUGR" />
  </component>
</quadcept_library>
