<?xml version="1.0" encoding="utf-8"?>
<!--/232218/1311585/2.50/12/4/Connector/-->
<quadcept_library>
  <setting unit="mil" />
  <textstyle name="Default" height="47.244094488189" strokewidth="7.8740157480315" charwidth="47.244094488189" />
  <textstyle name="Dimension" height="19.6850393700787" strokewidth="0" charwidth="19.6850393700787" />
  <textstyle name="H127W0635TH00762" height="50" strokewidth="3" charwidth="25" />
  <textstyle name="H15W15TH02" height="59.0551181102362" strokewidth="7.8740157480315" charwidth="59.0551181102362" />
  <padstyle name="r150_80" surface="True" plated="False" isvia="False" nopaste="False" nomask="True" complex="False" holesize="0">
    <padshape layer="TOP" shape="rectangle" width="31.496062992126" height="59.055118110235" />
    <padshape layer="TOP_SOLDER_MASK" shape="rectangle" width="39.370078740157" height="66.929133858267" />
    <padshape layer="TOP_SOLDER_PASTE" shape="rectangle" width="31.496062992126" height="59.055118110235" />
  </padstyle>
  <padstyle name="r200_145" surface="True" plated="False" isvia="False" nopaste="False" nomask="True" complex="False" holesize="0">
    <padshape layer="TOP" shape="rectangle" width="57.086614173228" height="78.740157480314" />
    <padshape layer="TOP_SOLDER_MASK" shape="rectangle" width="64.960629921259" height="86.614173228345" />
    <padshape layer="TOP_SOLDER_PASTE" shape="rectangle" width="57.086614173228" height="78.740157480314" />
  </padstyle>
  <footprint name="472192001" originx="0" originy="0" pickpointx="0" pickpointy="0">
    <pcbpin number="1" name="1" style="r150_80" originx="126.1811023622" originy="-70.866141732283" rotation="0" />
    <pcbpin number="2" name="2" style="r150_80" originx="82.87401574803" originy="-70.866141732283" rotation="0" />
    <pcbpin number="3" name="3" style="r150_80" originx="39.566929133858" originy="-70.866141732283" rotation="0" />
    <pcbpin number="4" name="4" style="r150_80" originx="-3.7401574803149" originy="-70.866141732283" rotation="0" />
    <pcbpin number="5" name="5" style="r150_80" originx="-47.047244094488" originy="-70.866141732283" rotation="0" />
    <pcbpin number="6" name="6" style="r150_80" originx="-90.35433070866" originy="-70.866141732283" rotation="0" />
    <pcbpin number="7" name="7" style="r150_80" originx="-133.66141732283" originy="-70.866141732283" rotation="0" />
    <pcbpin number="8" name="8" style="r150_80" originx="-176.96850393701" originy="-70.866141732283" rotation="0" />
    <pcbpin number="9" name="9" style="r200_145" originx="-270.66929133858" originy="-173.22834645669" rotation="0" />
    <pcbpin number="10" name="10" style="r200_145" originx="-270.66929133858" originy="153.54330708661" rotation="0" />
    <pcbpin number="11" name="11" style="r200_145" originx="270.66929133858" originy="153.54330708661" rotation="0" />
    <pcbpin number="12" name="12" style="r200_145" originx="270.66929133858" originy="-173.22834645669" rotation="0" />
    <line layer="TOP_ASSEMBLY" originx="-267.71653543307" originy="297.24409448819" endx="267.71653543307" endy="297.24409448819" width="7.8740157480314" />
    <line layer="TOP_ASSEMBLY" originx="267.71653543307" originy="297.24409448819" endx="267.71653543307" endy="-273.62204724409" width="7.8740157480314" />
    <line layer="TOP_ASSEMBLY" originx="267.71653543307" originy="-273.62204724409" endx="-267.71653543307" endy="-273.62204724409" width="7.8740157480314" />
    <line layer="TOP_ASSEMBLY" originx="-267.71653543307" originy="-273.62204724409" endx="-267.71653543307" endy="297.24409448819" width="7.8740157480314" />
    <line layer="TOP_PLACE_BOUND" originx="-338.58267716535" originy="336.61417322834" endx="338.58267716535" endy="336.61417322834" width="3.9370078740157" />
    <line layer="TOP_PLACE_BOUND" originx="338.58267716535" originy="336.61417322834" endx="338.58267716535" endy="-336.61417322834" width="3.9370078740157" />
    <line layer="TOP_PLACE_BOUND" originx="338.58267716535" originy="-336.61417322834" endx="-338.58267716535" endy="-336.61417322834" width="3.9370078740157" />
    <line layer="TOP_PLACE_BOUND" originx="-338.58267716535" originy="-336.61417322834" endx="-338.58267716535" endy="336.61417322834" width="3.9370078740157" />
    <line layer="TOP_SILKSCREEN" originx="-267.71653543307" originy="238.18897637795" endx="-267.71653543307" endy="297.24409448819" width="3.9370078740157" />
    <line layer="TOP_SILKSCREEN" originx="-267.71653543307" originy="297.24409448819" endx="267.71653543307" endy="297.24409448819" width="3.9370078740157" />
    <line layer="TOP_SILKSCREEN" originx="267.71653543307" originy="297.24409448819" endx="267.71653543307" endy="238.18897637795" width="3.9370078740157" />
    <line layer="TOP_SILKSCREEN" originx="-267.71653543307" originy="238.18897637795" endx="-267.71653543307" endy="218.50393700787" width="3.9370078740157" />
    <line layer="TOP_SILKSCREEN" originx="267.71653543307" originy="238.18897637795" endx="267.71653543307" endy="218.50393700787" width="3.9370078740157" />
    <line layer="TOP_SILKSCREEN" originx="-267.71653543307" originy="100.3937007874" endx="-267.71653543307" endy="-116.14173228346" width="3.9370078740157" />
    <line layer="TOP_SILKSCREEN" originx="267.71653543307" originy="100.3937007874" endx="267.71653543307" endy="-116.14173228346" width="3.9370078740157" />
    <line layer="TOP_SILKSCREEN" originx="-267.71653543307" originy="-234.25196850393" endx="-267.71653543307" endy="-273.62204724409" width="3.9370078740157" />
    <line layer="TOP_SILKSCREEN" originx="-267.71653543307" originy="-273.62204724409" endx="267.71653543307" endy="-273.62204724409" width="3.9370078740157" />
    <line layer="TOP_SILKSCREEN" originx="267.71653543307" originy="-273.62204724409" endx="267.71653543307" endy="-234.25196850393" width="3.9370078740157" />
    <line layer="TOP_SILKSCREEN" originx="125.9842519685" originy="-293.30708661417" endx="125.9842519685" endy="-293.30708661417" width="7.8740157480314" />
    <arc layer="TOP_SILKSCREEN" originx="129.92125984252" originy="-293.30708661417" startangle="180.0" sweepangle="-180.0" radius="3.9370078740157" width="7.8740157480314" />
    <line layer="TOP_SILKSCREEN" originx="133.85826771653" originy="-293.30708661417" endx="133.85826771653" endy="-293.30708661417" width="7.8740157480314" />
    <arc layer="TOP_SILKSCREEN" originx="129.92125984252" originy="-293.30708661417" startangle=".0" sweepangle="-180.0" radius="3.9370078740157" width="7.8740157480314" />
  </footprint>
  <symbol name="47219-2001" originx="0" originy="0">
    <line originx="200" originy="100" endx="1100" endy="100" width="0" />
    <line originx="1100" originy="-600" endx="1100" endy="100" width="0" />
    <line originx="1100" originy="-600" endx="200" endy="-600" width="0" />
    <line originx="200" originy="100" endx="200" endy="-600" width="0" />
    <sympin number="1" originx="200" originy="0" rotation="180" length="100" width="7.8740157480315" flipped="False">
      <text name="pinname" originx="230" originy="0" style="Default" rotation="0" justify="left" flipped="False" hidden="False" data="DAT2" />
      <text name="pindes" originx="140" originy="20" style="Default" rotation="0" justify="lowerright" flipped="False" hidden="False" data="1" />
    </sympin>
    <sympin number="2" originx="200" originy="-100" rotation="180" length="100" width="7.8740157480315" flipped="False">
      <text name="pinname" originx="230" originy="-100" style="Default" rotation="0" justify="left" flipped="False" hidden="False" data="CD/DAT3" />
      <text name="pindes" originx="140" originy="-80" style="Default" rotation="0" justify="lowerright" flipped="False" hidden="False" data="2" />
    </sympin>
    <sympin number="3" originx="200" originy="-200" rotation="180" length="100" width="7.8740157480315" flipped="False">
      <text name="pinname" originx="230" originy="-200" style="Default" rotation="0" justify="left" flipped="False" hidden="False" data="CMD" />
      <text name="pindes" originx="140" originy="-180" style="Default" rotation="0" justify="lowerright" flipped="False" hidden="False" data="3" />
    </sympin>
    <sympin number="4" originx="200" originy="-300" rotation="180" length="100" width="7.8740157480315" flipped="False">
      <text name="pinname" originx="230" originy="-300" style="Default" rotation="0" justify="left" flipped="False" hidden="False" data="VDD" />
      <text name="pindes" originx="140" originy="-280" style="Default" rotation="0" justify="lowerright" flipped="False" hidden="False" data="4" />
    </sympin>
    <sympin number="5" originx="200" originy="-400" rotation="180" length="100" width="7.8740157480315" flipped="False">
      <text name="pinname" originx="230" originy="-400" style="Default" rotation="0" justify="left" flipped="False" hidden="False" data="CLK" />
      <text name="pindes" originx="140" originy="-380" style="Default" rotation="0" justify="lowerright" flipped="False" hidden="False" data="5" />
    </sympin>
    <sympin number="6" originx="200" originy="-500" rotation="180" length="100" width="7.8740157480315" flipped="False">
      <text name="pinname" originx="230" originy="-500" style="Default" rotation="0" justify="left" flipped="False" hidden="False" data="VSS" />
      <text name="pindes" originx="140" originy="-480" style="Default" rotation="0" justify="lowerright" flipped="False" hidden="False" data="6" />
    </sympin>
    <sympin number="7" originx="1100" originy="0" rotation="0" length="100" width="7.8740157480315" flipped="False">
      <text name="pinname" originx="1070" originy="0" style="Default" rotation="0" justify="right" flipped="False" hidden="False" data="DAT0" />
      <text name="pindes" originx="1160" originy="20" style="Default" rotation="0" justify="lowerleft" flipped="False" hidden="False" data="7" />
    </sympin>
    <sympin number="8" originx="1100" originy="-100" rotation="0" length="100" width="7.8740157480315" flipped="False">
      <text name="pinname" originx="1070" originy="-100" style="Default" rotation="0" justify="right" flipped="False" hidden="False" data="DAT1" />
      <text name="pindes" originx="1160" originy="-80" style="Default" rotation="0" justify="lowerleft" flipped="False" hidden="False" data="8" />
    </sympin>
    <sympin number="9" originx="1100" originy="-200" rotation="0" length="100" width="7.8740157480315" flipped="False">
      <text name="pinname" originx="1070" originy="-200" style="Default" rotation="0" justify="right" flipped="False" hidden="False" data="GND_1" />
      <text name="pindes" originx="1160" originy="-180" style="Default" rotation="0" justify="lowerleft" flipped="False" hidden="False" data="9" />
    </sympin>
    <sympin number="10" originx="1100" originy="-300" rotation="0" length="100" width="7.8740157480315" flipped="False">
      <text name="pinname" originx="1070" originy="-300" style="Default" rotation="0" justify="right" flipped="False" hidden="False" data="GND_2" />
      <text name="pindes" originx="1160" originy="-280" style="Default" rotation="0" justify="lowerleft" flipped="False" hidden="False" data="10" />
    </sympin>
    <sympin number="11" originx="1100" originy="-400" rotation="0" length="100" width="7.8740157480315" flipped="False">
      <text name="pinname" originx="1070" originy="-400" style="Default" rotation="0" justify="right" flipped="False" hidden="False" data="GND_3" />
      <text name="pindes" originx="1160" originy="-380" style="Default" rotation="0" justify="lowerleft" flipped="False" hidden="False" data="11" />
    </sympin>
    <sympin number="12" originx="1100" originy="-500" rotation="0" length="100" width="7.8740157480315" flipped="False">
      <text name="pinname" originx="1070" originy="-500" style="Default" rotation="0" justify="right" flipped="False" hidden="False" data="GND_4" />
      <text name="pindes" originx="1160" originy="-480" style="Default" rotation="0" justify="lowerleft" flipped="False" hidden="False" data="12" />
    </sympin>
  </symbol>
  <component name="47219-2001" designatorprefix="J" height="0" footprint="472192001">
    <comppin designator="1" sympin="1" pinswap="0" gateswap="0" gate="1" group="1" side="" type="Any" name="DAT2" />
    <comppin designator="2" sympin="2" pinswap="0" gateswap="0" gate="1" group="1" side="" type="Any" name="CD/DAT3" />
    <comppin designator="3" sympin="3" pinswap="0" gateswap="0" gate="1" group="1" side="" type="Any" name="CMD" />
    <comppin designator="4" sympin="4" pinswap="0" gateswap="0" gate="1" group="1" side="" type="Any" name="VDD" />
    <comppin designator="5" sympin="5" pinswap="0" gateswap="0" gate="1" group="1" side="" type="Any" name="CLK" />
    <comppin designator="6" sympin="6" pinswap="0" gateswap="0" gate="1" group="1" side="" type="Any" name="VSS" />
    <comppin designator="7" sympin="7" pinswap="0" gateswap="0" gate="1" group="1" side="" type="Any" name="DAT0" />
    <comppin designator="8" sympin="8" pinswap="0" gateswap="0" gate="1" group="1" side="" type="Any" name="DAT1" />
    <comppin designator="9" sympin="9" pinswap="0" gateswap="0" gate="1" group="1" side="" type="Any" name="GND_1" />
    <comppin designator="10" sympin="10" pinswap="0" gateswap="0" gate="1" group="1" side="" type="Any" name="GND_2" />
    <comppin designator="11" sympin="11" pinswap="0" gateswap="0" gate="1" group="1" side="" type="Any" name="GND_3" />
    <comppin designator="12" sympin="12" pinswap="0" gateswap="0" gate="1" group="1" side="" type="Any" name="GND_4" />
    <attached_symbol gate="1" name="47219-2001" />
    <pinmap designator="1" footprintpin="1" />
    <pinmap designator="2" footprintpin="2" />
    <pinmap designator="3" footprintpin="3" />
    <pinmap designator="4" footprintpin="4" />
    <pinmap designator="5" footprintpin="5" />
    <pinmap designator="6" footprintpin="6" />
    <pinmap designator="7" footprintpin="7" />
    <pinmap designator="8" footprintpin="8" />
    <pinmap designator="9" footprintpin="9" />
    <pinmap designator="10" footprintpin="10" />
    <pinmap designator="11" footprintpin="11" />
    <pinmap designator="12" footprintpin="12" />
    <text name="Datasheet" originx="0" originy="0" style="Default" rotation="0" justify="" flipped="False" hidden="True" data="http://www.molex.com/molex/products/datasheet.jsp?part=active/0472192001_MEMORY_CARD_SOCKET.xml&amp;channel=Products&amp;Lang=en-US" />
    <text name="Description" originx="0" originy="0" style="Default" rotation="0" justify="" flipped="False" hidden="True" data="Molex 47219 Series 8 Way Horizontal Hinged Micro SD Memory Card Connector with Solder Termination" />
    <text name="Mouser Part Number" originx="0" originy="0" style="Default" rotation="0" justify="" flipped="False" hidden="True" data="538-47219-2001" />
    <text name="Mouser Price/Stock" originx="0" originy="0" style="Default" rotation="0" justify="" flipped="False" hidden="True" data="https://www.mouser.co.uk/ProductDetail/Molex/47219-2001?qs=6kT3pPPHxnVaoXw6Dd7beQ%3D%3D" />
    <text name="Manufacturer_Name" originx="0" originy="0" style="Default" rotation="0" justify="" flipped="False" hidden="True" data="Molex" />
    <text name="Manufacturer_Part_Number" originx="1150" originy="200" style="Default" rotation="0" justify="left" flipped="False" hidden="False" data="47219-2001" />
  </component>
</quadcept_library>
