<?xml version="1.0" encoding="utf-8"?>
<!--/13229313/1311585/2.50/10/4/Integrated Circuit/-->
<quadcept_library>
  <setting unit="mil" />
  <textstyle name="Default" height="47.244094488189" strokewidth="7.8740157480315" charwidth="47.244094488189" />
  <textstyle name="Dimension" height="19.6850393700787" strokewidth="0" charwidth="19.6850393700787" />
  <textstyle name="H127W0635TH00762" height="50" strokewidth="3" charwidth="25" />
  <textstyle name="H15W15TH02" height="59.0551181102362" strokewidth="7.8740157480315" charwidth="59.0551181102362" />
  <padstyle name="r27.5_25" surface="True" plated="False" isvia="False" nopaste="False" nomask="True" complex="False" holesize="0">
    <padshape layer="TOP" shape="rectangle" width="9.8425196850392" height="10.826771653543" />
    <padshape layer="TOP_SOLDER_MASK" shape="rectangle" width="17.716535433071" height="18.700787401575" />
    <padshape layer="TOP_SOLDER_PASTE" shape="rectangle" width="9.8425196850392" height="10.826771653543" />
  </padstyle>
  <footprint name="BMP390" originx="0" originy="0" pickpointx="0" pickpointy="0">
    <pcbpin number="1" name="1" style="r27.5_25" originx="9.8425196850392" originy="30.03937007874" rotation="0" />
    <pcbpin number="2" name="2" style="r27.5_25" originx="-9.8425196850392" originy="30.03937007874" rotation="0" />
    <pcbpin number="3" name="3" style="r27.5_25" originx="-30" originy="19.685039370078" rotation="90" />
    <pcbpin number="4" name="4" style="r27.5_25" originx="-30" originy="0" rotation="90" />
    <pcbpin number="5" name="5" style="r27.5_25" originx="-30" originy="-19.685039370078" rotation="90" />
    <pcbpin number="6" name="6" style="r27.5_25" originx="-9.8425196850392" originy="-30.03937007874" rotation="0" />
    <pcbpin number="7" name="7" style="r27.5_25" originx="9.8425196850392" originy="-30.03937007874" rotation="0" />
    <pcbpin number="8" name="8" style="r27.5_25" originx="30" originy="-19.685039370078" rotation="90" />
    <pcbpin number="9" name="9" style="r27.5_25" originx="30" originy="0" rotation="90" />
    <pcbpin number="10" name="10" style="r27.5_25" originx="30" originy="19.685039370078" rotation="90" />
    <line layer="TOP_ASSEMBLY" originx="-39.370078740157" originy="39.370078740157" endx="39.370078740157" endy="39.370078740157" width="3.9370078740157" />
    <line layer="TOP_ASSEMBLY" originx="39.370078740157" originy="39.370078740157" endx="39.370078740157" endy="-39.370078740157" width="3.9370078740157" />
    <line layer="TOP_ASSEMBLY" originx="39.370078740157" originy="-39.370078740157" endx="-39.370078740157" endy="-39.370078740157" width="3.9370078740157" />
    <line layer="TOP_ASSEMBLY" originx="-39.370078740157" originy="-39.370078740157" endx="-39.370078740157" endy="39.370078740157" width="3.9370078740157" />
    <line layer="TOP_PLACE_BOUND" originx="-78.740157480314" originy="78.740157480314" endx="78.740157480314" endy="78.740157480314" width="3.9370078740157" />
    <line layer="TOP_PLACE_BOUND" originx="78.740157480314" originy="78.740157480314" endx="78.740157480314" endy="-78.740157480314" width="3.9370078740157" />
    <line layer="TOP_PLACE_BOUND" originx="78.740157480314" originy="-78.740157480314" endx="-78.740157480314" endy="-78.740157480314" width="3.9370078740157" />
    <line layer="TOP_PLACE_BOUND" originx="-78.740157480314" originy="-78.740157480314" endx="-78.740157480314" endy="78.740157480314" width="3.9370078740157" />
    <line layer="TOP_SILKSCREEN" originx="9.8425196850392" originy="55.11811023622" endx="9.8425196850392" endy="55.11811023622" width="3.9370078740157" />
    <arc layer="TOP_SILKSCREEN" originx="9.8425196850392" originy="53.149606299212" startangle="90.0" sweepangle="180.0" radius="1.9685039370078" width="3.9370078740157" />
    <line layer="TOP_SILKSCREEN" originx="9.8425196850392" originy="51.181102362204" endx="9.8425196850392" endy="51.181102362204" width="3.9370078740157" />
    <arc layer="TOP_SILKSCREEN" originx="9.8425196850392" originy="53.149606299212" startangle="-90.0" sweepangle="180.0" radius="1.9685039370078" width="3.9370078740157" />
  </footprint>
  <symbol name="BMP390" originx="0" originy="0">
    <line originx="200" originy="500" endx="1000" endy="500" width="0" />
    <line originx="1000" originy="-600" endx="1000" endy="500" width="0" />
    <line originx="1000" originy="-600" endx="200" endy="-600" width="0" />
    <line originx="200" originy="500" endx="200" endy="-600" width="0" />
    <sympin number="1" originx="600" originy="500" rotation="90" length="100" width="7.8740157480315" flipped="False">
      <text name="pinname" originx="600" originy="470" style="Default" rotation="0" justify="right" flipped="False" hidden="False" data="VDDIO" />
      <text name="pindes" originx="580" originy="560" style="Default" rotation="0" justify="lowerleft" flipped="False" hidden="False" data="1" />
    </sympin>
    <sympin number="2" originx="500" originy="500" rotation="90" length="100" width="7.8740157480315" flipped="False">
      <text name="pinname" originx="500" originy="470" style="Default" rotation="0" justify="right" flipped="False" hidden="False" data="SCK" />
      <text name="pindes" originx="480" originy="560" style="Default" rotation="0" justify="lowerleft" flipped="False" hidden="False" data="2" />
    </sympin>
    <sympin number="3" originx="200" originy="0" rotation="180" length="100" width="7.8740157480315" flipped="False">
      <text name="pinname" originx="230" originy="0" style="Default" rotation="0" justify="left" flipped="False" hidden="False" data="VSS_1" />
      <text name="pindes" originx="140" originy="20" style="Default" rotation="0" justify="lowerright" flipped="False" hidden="False" data="3" />
    </sympin>
    <sympin number="4" originx="200" originy="-100" rotation="180" length="100" width="7.8740157480315" flipped="False">
      <text name="pinname" originx="230" originy="-100" style="Default" rotation="0" justify="left" flipped="False" hidden="False" data="SDI" />
      <text name="pindes" originx="140" originy="-80" style="Default" rotation="0" justify="lowerright" flipped="False" hidden="False" data="4" />
    </sympin>
    <sympin number="5" originx="200" originy="-200" rotation="180" length="100" width="7.8740157480315" flipped="False">
      <text name="pinname" originx="230" originy="-200" style="Default" rotation="0" justify="left" flipped="False" hidden="False" data="SDO" />
      <text name="pindes" originx="140" originy="-180" style="Default" rotation="0" justify="lowerright" flipped="False" hidden="False" data="5" />
    </sympin>
    <sympin number="6" originx="500" originy="-600" rotation="270" length="100" width="7.8740157480315" flipped="False">
      <text name="pinname" originx="500" originy="-570" style="Default" rotation="0" justify="left" flipped="False" hidden="False" data="CSB" />
      <text name="pindes" originx="480" originy="-660" style="Default" rotation="0" justify="lowerright" flipped="False" hidden="False" data="6" />
    </sympin>
    <sympin number="7" originx="600" originy="-600" rotation="270" length="100" width="7.8740157480315" flipped="False">
      <text name="pinname" originx="600" originy="-570" style="Default" rotation="0" justify="left" flipped="False" hidden="False" data="INT" />
      <text name="pindes" originx="580" originy="-660" style="Default" rotation="0" justify="lowerright" flipped="False" hidden="False" data="7" />
    </sympin>
    <sympin number="8" originx="1000" originy="-200" rotation="0" length="100" width="7.8740157480315" flipped="False">
      <text name="pinname" originx="970" originy="-200" style="Default" rotation="0" justify="right" flipped="False" hidden="False" data="VSS_2" />
      <text name="pindes" originx="1060" originy="-180" style="Default" rotation="0" justify="lowerleft" flipped="False" hidden="False" data="8" />
    </sympin>
    <sympin number="9" originx="1000" originy="-100" rotation="0" length="100" width="7.8740157480315" flipped="False">
      <text name="pinname" originx="970" originy="-100" style="Default" rotation="0" justify="right" flipped="False" hidden="False" data="VSS_3" />
      <text name="pindes" originx="1060" originy="-80" style="Default" rotation="0" justify="lowerleft" flipped="False" hidden="False" data="9" />
    </sympin>
    <sympin number="10" originx="1000" originy="0" rotation="0" length="100" width="7.8740157480315" flipped="False">
      <text name="pinname" originx="970" originy="0" style="Default" rotation="0" justify="right" flipped="False" hidden="False" data="VDD" />
      <text name="pindes" originx="1060" originy="20" style="Default" rotation="0" justify="lowerleft" flipped="False" hidden="False" data="10" />
    </sympin>
  </symbol>
  <component name="BMP390" designatorprefix="IC" height="31.496062992126" footprint="BMP390">
    <comppin designator="1" sympin="1" pinswap="0" gateswap="0" gate="1" group="1" side="" type="Any" name="VDDIO" />
    <comppin designator="2" sympin="2" pinswap="0" gateswap="0" gate="1" group="1" side="" type="Any" name="SCK" />
    <comppin designator="3" sympin="3" pinswap="0" gateswap="0" gate="1" group="1" side="" type="Any" name="VSS_1" />
    <comppin designator="4" sympin="4" pinswap="0" gateswap="0" gate="1" group="1" side="" type="Any" name="SDI" />
    <comppin designator="5" sympin="5" pinswap="0" gateswap="0" gate="1" group="1" side="" type="Any" name="SDO" />
    <comppin designator="6" sympin="6" pinswap="0" gateswap="0" gate="1" group="1" side="" type="Any" name="CSB" />
    <comppin designator="7" sympin="7" pinswap="0" gateswap="0" gate="1" group="1" side="" type="Any" name="INT" />
    <comppin designator="8" sympin="8" pinswap="0" gateswap="0" gate="1" group="1" side="" type="Any" name="VSS_2" />
    <comppin designator="9" sympin="9" pinswap="0" gateswap="0" gate="1" group="1" side="" type="Any" name="VSS_3" />
    <comppin designator="10" sympin="10" pinswap="0" gateswap="0" gate="1" group="1" side="" type="Any" name="VDD" />
    <attached_symbol gate="1" name="BMP390" />
    <pinmap designator="1" footprintpin="1" />
    <pinmap designator="2" footprintpin="2" />
    <pinmap designator="3" footprintpin="3" />
    <pinmap designator="4" footprintpin="4" />
    <pinmap designator="5" footprintpin="5" />
    <pinmap designator="6" footprintpin="6" />
    <pinmap designator="7" footprintpin="7" />
    <pinmap designator="8" footprintpin="8" />
    <pinmap designator="9" footprintpin="9" />
    <pinmap designator="10" footprintpin="10" />
    <text name="Datasheet" originx="0" originy="0" style="Default" rotation="0" justify="" flipped="False" hidden="True" data="https://www.bosch-sensortec.com/media/boschsensortec/downloads/datasheets/bst-bmp390-ds002.pdf" />
    <text name="Description" originx="0" originy="0" style="Default" rotation="0" justify="" flipped="False" hidden="True" data="Board Mount Pressure Sensors" />
    <text name="Mouser Part Number" originx="0" originy="0" style="Default" rotation="0" justify="" flipped="False" hidden="True" data="262-BMP390" />
    <text name="Mouser Price/Stock" originx="0" originy="0" style="Default" rotation="0" justify="" flipped="False" hidden="True" data="https://www.mouser.co.uk/ProductDetail/Bosch-Sensortec/BMP390?qs=QNEnbhJQKvYQVfvRMgo2YA%3D%3D" />
    <text name="Manufacturer_Name" originx="0" originy="0" style="Default" rotation="0" justify="" flipped="False" hidden="True" data="BOSCH" />
    <text name="Manufacturer_Part_Number" originx="1050" originy="600" style="Default" rotation="0" justify="left" flipped="False" hidden="False" data="BMP390" />
  </component>
</quadcept_library>
